<?xml version="1.0.1" encoding="UTF-8"?>
<aiml>

      <category>
        <pattern>HI</pattern>
        <template>Hello there!</template>
    </category>

    <category>
        <pattern>HELLO</pattern>
        <template>Hi there!</template>
    </category>

    <category>
        <pattern>WHAT DO YOU DO FOR A LIVING</pattern>
        <template>I am an AIML bot designed to assist with answering questions and providing information.</template>
    </category>

    <category>
        <pattern>WHAT IS YOUR NAME</pattern>
        <template>My name is Chatbot. What's yours?</template>
    </category>

    <category>
        <pattern>MY NAME IS * *</pattern>
        <template>Hello <star/>, How are you Mr.<star index="2"/></template>
    </category>

    <category>
        <pattern>MY NAME IS *</pattern>
        <template>Nice to meet you, <star />
            <think>
                <set name="person"><star /></set>
                <set name="username"><star /></set>
            </think>
        </template>
    </category>

     <category>
        <pattern>WHO IS * </pattern>
        <template>Let me check<star />
            <think>
                <set name="who1"><star/></set>
            </think>
        </template>
    </category>



        <category>
        <pattern>WHO IS * *</pattern>
        <template>Let me check<star />
            <think>
                <set name="who1"><star/></set>
                <set name="who2"><star index="2" /></set>
            </think>
        </template>
    </category>

   <category>
        <pattern>what IS * *</pattern>
        <template>Let me check<star />
            <think>
                <set name="who1"><star /></set>
                <set name="who2"><star index="2" /></set>
            </think>
        </template>
    </category>











    <category>
        <pattern>I LIKE *</pattern>
        <template>It's good to know you like <star/>.
            <set name="person"><get name="username"/></set>
            <set name="relationship">LIKE</set>
            <set name="object"><star /></set>
        </template>
    </category>

    <category>
        <pattern>* IS MY *</pattern>
        <template>It's good to know that <star /> is my <star index="2" />.
            <set name="person1"><star /></set>
            <set name="relationship"><star index="2" /></set>
            <set name="person2"><get name="username" /></set>
        </template>
    </category>

    <category>
        <pattern>DO YOU KNOW ME</pattern>
        <template>yes i do, your name is <think><get name="username"/></think></template>
    </category>

    <category>
        <pattern>MY AGE IS *</pattern>
        <template>Oh nice MashAllah<think><set name="add_age"><star /></set></think></template>
    </category>

    <category>
        <pattern>I am *</pattern>
        <template>Mashallah<think><set name="add_gender"><star /></set></think></template>
    </category>

    <category>
        <pattern>I LIVE IN *</pattern>
        <template>I heard about <star/>, it is a very beautiful place<think><set name="add_location"><star /></set></think></template>
    </category>

    <category>
        <pattern>HOW ARE YOU</pattern>
        <template>I'm doing well, thanks for asking. How about you?</template>
    </category>

    <category>
        <pattern>WHAT CAN YOU DO</pattern>
        <template>I can answer questions, tell jokes, and chat with you. What would you like me to do?</template>
    </category>

    <category>
        <pattern>TELL ME A JOKE</pattern>
        <template>Why don't scientists trust atoms? Because they make up everything!</template>
    </category>

    <category>
        <pattern>WHAT IS YOUR FAVORITE COLOR</pattern>
        <template><think><set name="color">blue</set></think>I'm a chatbot, so I don't have a favorite color. What's yours?</template>
    </category>

    <category>
        <pattern>WHAT IS YOUR FAVORITE FOOD</pattern>
        <template><think><set name="food">pizza</set></think>As a chatbot, I don't eat food. But I heard that pizza is a popular choice. What's your favorite food?</template>
    </category>

    <category>
        <pattern>WHAT IS YOUR FAVORITE MOVIE</pattern>
        <template><think><set name="movie">The Matrix</set></think>Since I'm a chatbot, I don't watch movies. But I heard that The Matrix is a classic. What's your favorite movie?</template>
    </category>

    <category>
        <pattern>WHAT TIME IS IT</pattern>
        <template>I'm sorry, I don't have access to the current time. You can check your computer or phone for the current time.</template>
    </category>

    <category>
        <pattern>WHAT IS YOUR FAVORITE SONG</pattern>
        <template><think><set name="song">Bohemian Rhapsody</set></think>As a chatbot, I don't have a favorite song. But I heard that Bohemian Rhapsody is a great choice. What's your favorite song?</template>
    </category>

    <category>
        <pattern>BYE</pattern>
        <template>Goodbye, have a great day!</template>
    </category>

    <category>
        <pattern>WHAT COLOR DO YOU LIKE</pattern>
        <template><srai>WHAT IS YOUR FAVORITE COLOR</srai></template>
    </category>

    <category>
        <pattern>WHAT'S YOUR FAVORITE FOOD</pattern>
        <template><srai>WHAT IS YOUR FAVORITE FOOD</srai></template>
    </category>

    <category>
        <pattern>WHAT'S YOUR FAVORITE MOVIE</pattern>
        <template><srai>WHAT IS YOUR FAVORITE MOVIE</srai></template>
    </category>

    <category>
        <pattern>WHAT'S YOUR FAVORITE SONG</pattern>
        <template><srai>WHAT IS YOUR FAVORITE SONG</srai></template>
    </category>

    <category>
        <pattern>WHO ARE YOU</pattern>
        <template>I am Chatbot, an artificial intelligence language model designed to assist with answering your questions. How can I assist you today?</template>
    </category>

    <category>
        <pattern>TELL ME ABOUT YOURSELF</pattern>
        <template>I am a language model created by Dilawar Jahangir. I use natural language processing and machine learning algorithms to understand and respond to user inputs. Is there anything specific you would like me to help you with?</template>
    </category>

    <category>
        <pattern>WHAT ARE YOU</pattern>
        <template>I am an AI language model designed to answer your questions. What can I help you with today?</template>
    </category>

    <category>
        <pattern>WHO IS YOUR CREATOR</pattern>
        <template>My creator is Dilawar Jahangir</template>
    </category>

    <category>
        <pattern>TURN OFF THE LIGHTS PLEASE</pattern>
        <template>Sure i'll turn off the lights </template>
    </category>

    <category>
        <pattern>TURN ON THE LIGHTS PLEASE</pattern>
        <template>Sure i'll turn on the lights</template>
    </category>


    <category>
        <pattern>*</pattern>
        <template>Ki kya?</template>
    </category>


<!-- MATH -->

<category>
<pattern>MATHS FACT</pattern>
<template>
<random>
<li>If you counted at the rate of 200 numbers a minute for twelve hours every day, it would take you 19,024 years, 68 days, 10 hours and 40 minutes to count to 1 billion.</li>
<li>Here is a strange sum:<br/>846 x 14493 = 12345678.</li>
<li>Here is a strange sum:<br/>9298 x 119.5 = 1111111.</li>
<li>There are seven digits in 1,000,000 and there are seven letters in a million.</li>
<li>The chances of a coin landing tails up 200 times in a row are 1606938044255899027554196209234116202522202993782792835301375 to 1.</li>
<li>If eight walkers walked in single file, in a different order each day, it would take them 110 years to return to the order in which they started out on the first day.</li>
<li>If you played dominoes with a friend for ten hours a day and made four moves a minute, you could play for 118,000 years before you had played all the different combinations of dominoes that are possible in a game.</li>
<li>There are no numbers which when divided will produce a row of nines that will go on for ever.</li>
<li>If you wanted to arrange fifteen books on a bookshelf in all the different ways possible, and you made one change every minute, it would take you 2,487,996 years to do it.</li>
<li><br/>
1 x 9 - 1 = 8<br/>
21 x 9 - 1 = 188<br/>
321 x 9 - 1 = 2888<br/>
4321 x 9 - 1 = 38888<br/>
54321 x 9 - 1 = 488888<br/>
654321 x 9 - 1 = 5888888<br/>
7654321 x 9 - 1 = 68888888<br/>
87654321 x 9 - 1 = 788888888<br/>
987654321 x 9 - 1 = 8888888888.</li>
<li><br/>
9 x 9 + 7 = 88<br/>
98 x 9 + 6 = 888<br/>
987 x 9 + 5 = 8888<br/>
9876 x 9 + 4 = 88888<br/>
98765 x 9 + 3 = 888888<br/>
987654 x 9 + 2 = 8888888<br/>
9876543 x 9 + 1 = 88888888<br/>
98765432 x 9 + 0 = 888888888.</li>
<li><br/>123456789 +<br/>987654321 +<br/>123456789 +<br/>987654321 +<br/>2 =<br/>2222222222.</li>
<li>Here is a strange sum:<br/>888 + 88 + 8 + 8 + 8 = 1000.</li>
<li><br/>
65359477124183 x 17 x 1 = 1111111111111111<br/>
65359477124183 x 17 x 2 = 2222222222222222<br/>
65359477124183 x 17 x 3 = 3333333333333333<br/>
65359477124183 x 17 x 4 = 4444444444444444<br/>
65359477124183 x 17 x 5 = 5555555555555555<br/>
65359477124183 x 17 x 6 = 6666666666666666<br/>
65359477124183 x 17 x 7 = 7777777777777777<br/>
65359477124183 x 17 x 8 = 8888888888888888<br/>
65359477124183 x 17 x 9 = 9999999999999999.</li>
<li>2519 is an entertaining little number which leaves a tidy sequence of digits as remainders when you divide it by 2,3,4,5,6,7,8,9 or 10. This is what its remainders look like:<br/><br/>
2519 / 2 = 1259 remainder 1<br/>
2519 / 3 = 839 remainder 2<br/>
2519 / 4 = 629 remainder 3<br/>
2519 / 5 = 503 remainder 4<br/>
2519 / 6 = 419 remainder 5<br/>
2519 / 7 = 359 remainder 6<br/>
2519 / 8 = 314 remainder 7<br/>
2519 / 9 = 279 remainder 8<br/>
2519 / 10 = 251 remainder 9</li>
<li>Look at these sums:<br/><br/>
142857 x 2 = 285714<br/>
142857 x 3 = 428571<br/>
142857 x 4 = 571428<br/>
142857 x 5 = 714285<br/>
142857 x 6 = 857142<br/><br/>
In every answer the same six digits (142857) reappear in the same order but starting at a different point. This pattern continues except for 7, which is a law unto itself:<br/>
142857 x 7 = 999999<br/>
Try 8 and 9 and the pattern reappears, though with a difference:<br/><br/>
142857 x 8 = 1142856<br/>
142857 x 9 = 1285713<br/><br/>
What pattern? 1142856 and 1285713 look nothing like 142857, or so you might think. But remove the first digit of each number and add it to the rest and see what we get:<br/><br/>
142856 + 1 = 142857
285713 + 1 = 285714<br/><br/>
The pattern persists even with larger numbers:<br/><br/>
142857 x 16 = 2285712 and 285712 + 2 = 285714<br/>
142857 x 29 = 4142853 and 142853 + 4 = 142857<br/>
142857 x 34 = 4857138 and 857138 + 4 = 857142<br/>
142857 x 51 = 7285707 and 285707 + 7 = 285714<br/>
142857 x 64 = 9142848 and 142848 + 9 = 142857<br/><br/>
Once you start to multiply by even larger numbers the pattern alters again. You have to renmove the first two digits and add them to the remaining digits in the number, but the answer still comes out the same:<br/><br/>
142857 x 89 = 12714273 and 714273 + 12 = 714285<br/>
142857 x 113 = 16142841 and 142841 + 16 = 142857<br/>
142857 x 258 = 36857106 and 857106 + 36 = 857142<br/>
142857 x 456 = 65142792 and 142792 + 65 = 142857<br/>
142857 x 695 = 99285615 and 285615 + 99 = 285714.</li>
<li><br/>
37037 x 2 = 74074<br/>
37037 x 3 = 111111<br/>
37037 x 4 = 148148<br/>
37037 x 5 = 185185<br/>
37037 x 6 = 222222<br/>
37037 x 7 = 259259<br/>
37037 x 8 = 296296<br/>
37037 x 9 = 333333<br/>
37037 x 10 = 370370<br/>
37037 x 11 = 407407<br/>
37037 x 12 = 444444<br/>
37037 x 13 = 481481<br/>
37037 x 14 = 518518<br/>
37037 x 15 = 555555<br/>
37037 x 16 = 592592<br/>
37037 x 17 = 629629<br/>
37037 x 18 = 666666<br/>
37037 x 19 = 703703<br/>
37037 x 20 = 740740<br/>
37037 x 21 = 777777<br/>
37037 x 22 = 814814<br/>
37037 x 23 = 851851<br/>
37037 x 24 = 888888<br/>
37037 x 25 = 925925<br/>
37037 x 26 = 962962<br/>
37037 x 27 = 999999.</li>
<li>The largest sum that can be written with just three digits is:<br/><br/>9^(9^9)<br/><br/>
This may not look impressive but it is 9 raised to the 387,420,489th power. If you were to try to work this out on paper, you would end up with around 369,000,000 digits. The row of digits would be about 1000 kilometres long and you would have spent nearly 150 years working the sum out.</li>
<li><br/>
15873 x 7 = 111111<br/>
15873 x 14 = 222222<br/>
15873 x 21 = 333333<br/>
15873 x 28 = 444444<br/>
15873 x 35 = 555555<br/>
15873 x 42 = 666666<br/>
15873 x 49 = 777777<br/>
15873 x 56 = 888888<br/>
15873 x 63 = 999999<br/>
15873 x 70 = 1111110<br/>
15873 x 77 = 1222221<br/>
15873 x 84 = 1333332<br/>
15873 x 91 = 1444443<br/>
15873 x 98 = 1555554<br/>
15873 x 105 = 1666665<br/>
15873 x 112 = 1777776<br/>
15873 x 119 = 1888887<br/>
15873 x 126 = 1999998<br/>
15873 x 133 = 2111109<br/>
15873 x 140 = 2222220<br/>
15873 x 147 = 2333331<br/>
15873 x 154 = 2444442<br/>
15873 x 161 = 2555553<br/>
15873 x 168 = 2666664<br/>
15873 x 175 = 2777775.</li>
<li><br/>
11^2 = 121<br/>
111^2 = 12321<br/>
1111^2 = 1234321<br/>
11111^2 = 123454321<br/>
111111^2 = 12345654321<br/>
1111111^2 = 1234567654321<br/>
11111111^2 = 123456787654321<br/>
111111111^2 = 12345678987654321.</li>
<li><br/>
33 x 3367 = 111111<br/>
66 x 3367 = 222222<br/>
99 x 3367 = 333333<br/>
132 x 3367 = 444444<br/>
165 x 3367 = 555555<br/>
198 x 3367 = 666666<br/>
231 x 3367 = 777777<br/>
264 x 3367 = 888888<br/>
297 x 3367 = 999999.</li>
<li>How many ways can you think of writing the nine digits in a sum so that each time the result will be 100? Here are some:<br/><br/>
1+2+3+4+5+6+7+(8x9) = 100<br/>
(-1x2)-3-4-5+(6x7)+(8x9) = 100<br/>
1+(2x3)+(4x5)-6+7+(8x9) = 100<br/>
(1+2-3-4)x(5-6-7-8-9) = 100<br/>
1+(2x3)+4+5+67+8+9 = 100<br/>
(1x2)+34+56+7-8+9 = 100<br/>
12+3-4+5+67+8+9 = 100<br/>
123-4-5-6-7+8-9 = 100<br/>
123+4-5+67-89 = 100<br/>
123+45-67+8-9 = 100<br/>
123-45-67+89 = 100.</li>
<li><br/>
1 x 9 + 2 = 11<br/>
12 x 9 + 3 = 111<br/>
123 x 9 + 4 = 1111<br/>
1234 x 9 + 5 = 11111<br/>
12345 x 9 + 6 = 111111<br/>
123456 x 9 + 7 = 1111111<br/>
1234567 x 9 + 8 = 11111111<br/>
12345678 x 9 + 9 = 111111111.</li>
<li><br/>
1 x 8 + 1 = 9<br/>
12 x 8 + 2 = 98<br/>
123 x 8 + 3 = 987<br/>
1234 x 8 + 4 = 9876<br/>
12345 x 8 + 5 = 98765<br/>
123456 x 8 + 6 = 987654<br/>
1234567 x 8 + 7 = 9876543<br/>
12345678 x 8 + 8 = 98765432<br/>
123456789 x 8 + 9 = 987654321.</li>
<li>These multiplication sums use each of the digits from 1 to 9 only once:<br/><br/>
4 x 1738 = 6952<br/>
4 x 1963 = 7852<br/>
12 x 483 = 5796<br/>
18 x 297 = 5346<br/>
27 x 198 = 5346<br/>
28 x 157 = 4396<br/>
39 x 186 = 7254<br/>
42 x 138 = 5796<br/>
48 x 159 = 7632.</li>
<li>Write down any prime number over 3. Multiply it by itself (ie square it). Add 14 to the square of the prime number. Divide this result by 12 - and you will always end up with a remainder of 3. Try it:<br/><br/>
13<br/>
13 x 13 = 169<br/>
169 + 14 = 183<br/>
183 / 12 = 15 remainder 3 (12 x 15 = 180)<br/><br/>
29<br/>
29 x 29 = 841<br/>
841 + 14 = 855<br/>
855 / 12 = 71 remainder 3 (12 x 71 = 852).</li>
<li>In these sums the ten digits are each used only once, but with three different signs, they can make three perfectly good equations:<br/><br/>
4 x 5 = 20<br/>
9 - 6 = 3<br/>
7 + 1 = 8</li>
<li>Choose any 3 digit number. Multiply it by 11, and multiply the answer you get by 91.<br/>Look carefully at the second answer and you will see that what you have written is the original number written twice. Look at these examples:<br/><br/>
567 x 11 = 6237 and 6237 x 91 = 567567<br/>
841 x 11 = 9251 and 9251 x 91 = 841841<br/>
111 x 11 = 1221 and 1221 x 91 = 111111.</li>
<li>Here is a strange sum:<br/>2^5 x 9^2 = 2592.</li>
<li>Here is a strange sum:<br/>5363222357 x 207123 = 11111111111111111</li>
<li>Here is a strange sum:<br/>12345679 x 99999999 = 1234567887654321</li>
<li>Look at the eight sums below. The nine digits from 1 to 9 are used in each one, once only. Look at the totals and you will see that each one is nine bigger than the one above it:<br/><br/>
243 + 675 = 918<br/>
341 + 586 = 927<br/>
154 + 782 = 936<br/>
317 + 628 = 945<br/>
216 + 738 = 954<br/>
215 + 748 = 963<br/>
318 + 654 = 972<br/>
235 + 746 = 981.</li>
<li>Any set of numbers copied in a different order and then subtracted one from the other will always produce an answer which can be divided exactly by 9:<br/><br/>
7382456 - 3846527 = 3535929 and 3535929 / 9 = 392881.</li>
<li>Look at this sum. The first two numbers, which contain all the digits from 1 to 9, when multplied together produce a total which is equal to the square of another number which also has all nine digits:<br/><br/>
246913578 x 987654312 = 493827156^2.</li>
<li>Look what happens when you subtract the cube of 641 from the cube of 642:<br/><br/>
641 x 641 x 641 = 263374721<br/>
642 x 642 x 642 = 264609288<br/>
264609288 - 263374721 = 1234567!!</li>
<li>The square of 32042 is 1026753849; 32042 is the smallest number whose square has all ten digits 0-9 used once only. 99066 is the largest number to do this; its square is 9814072356.</li>
<li>It's not very often that you multiply two numbers and find that their product contains the same digits as the two numbers themselves. Here are some examples of five-digit coincidences of this type:<br/><br/>
3 x 4128 = 12384<br/>
3 x 4281 = 12843<br/>
3 x 7125 = 21375<br/>
3 x 7251 = 21753<br/>
2541 x 6 = 15246<br/>
651 x 24 = 15624<br/>
678 x 42 = 28476<br/>
246 x 51 = 12546<br/>
57 x 834 = 47538<br/>
75 x 231 = 17325<br/>
624 x 78 = 58672.</li>
<li>Choose any three digit number. Make a six digit number by repeating the three digits in the same order. Divide this number by 7. Divide your answer by 11. Divide this last answer by 13 and you will always end up with the num,ber you started with. Here are two examples:<br/><br/>
987<br/>
987987<br/>
987 / 7 = 141141<br/>
141141 / 11 = 12831<br/>
12831 / 13 = 987<br/><br/>
126<br/>
126126<br/>
126126 / 7 = 18018<br/>
18018 / 11 = 1638<br/>
1638 / 13 = 126.</li>
<li>In these sums below, all nine digits appear once only:<br/><br/>
12 x 483 = 5796<br/>
4 x 1738 = 6952<br/>
4 x 1963 = 7852<br/>
42 x 138 = 5796<br/>
48 x 159 = 7632.</li>
<li><br/>
1 +<br/>
11 +<br/>
111 +<br/>
1111 +<br/>
11111 +<br/>
111111 +<br/>
1111111 +<br/>
11111111 +<br/>
111111111 =<br/>
123456789.</li>
<li>Look at the numbers running from side to side. All ten of them use 0-9 but each digit is only used once. The same is true of the answer:<br/><br/>
0123456789 +<br/>
0246913578 +<br/>
0493827156 +<br/>
0617283945 +<br/>
0864197523 +<br/>
0987654312 +<br/>
1234567890 +<br/>
1604938257 +<br/>
1728395046 +<br/>
1975308624 = <br/>
9876543120.</li>
</random>
</template>
</category>




<!-- Currency -->

<category><pattern>WHAT UNIT OF CURRENCY *</pattern><template><srai>What currency<star/></srai></template></category>
<category><pattern>WHAT IS THE UNIT OF CURRENCY *</pattern><template><srai>What is the currency<star/></srai></template></category>
<category><pattern>WHAT MONETARY UNIT *</pattern><template><srai>What currency<star/></srai></template></category>
<category><pattern>WHAT IS THE MONETARY UNIT *</pattern><template><srai>What is the currency<star/></srai></template></category>
<category><pattern>WHAT CURRENCY _ IN *</pattern><template><srai>What is the currency of<star index="2"/></srai></template></category>
<category><pattern>WHAT MONEY _ IN *</pattern><template><srai>What is the currency of<star index="2"/></srai></template></category>
<category><pattern>WHAT MONEY _ IN *</pattern><template><srai>What is the currency of<star index="2"/></srai></template></category>
<category><pattern>WHAT _ SPEND IN *</pattern><template><srai>What is the currency of<star index="2"/></srai></template></category>
<category><pattern>WHAT IS THE CURRENCY IN *</pattern><template><srai>What is the currency of<star/></srai></template></category>

<category><pattern>WHAT IS THE CURRENCY OF *</pattern><template>I've never heard of a country called "<star/>". Did you just make that up?</template></category>



<category><pattern>WHAT IS THE CURRENCY OF AFGHANISTAN</pattern><template>The Afghani.</template></category>  
<category><pattern>WHAT IS THE CURRENCY OF ALBANIA</pattern><template>Lek.</template></category>  
<category><pattern>WHAT IS THE CURRENCY OF ALGERIA</pattern><template>Algerian Dinar.</template></category>  
<category><pattern>WHAT IS THE CURRENCY OF AMERICAN SAMOA</pattern><template>U.S. Dollar.</template></category>  
<category><pattern>WHAT IS THE CURRENCY OF AMERICA</pattern><template>The dollar.</template></category>  
<category><pattern>WHAT IS THE CURRENCY OF ANDORRA</pattern><template>Euro.</template></category>  
<category><pattern>WHAT IS THE CURRENCY OF ANGOLA</pattern><template>New Kwanza (it replaced the Kwanza).</template></category>  
<category><pattern>WHAT IS THE CURRENCY OF ANGUILLA</pattern><template>East Caribbean Dollar.</template></category>  
<category><pattern>WHAT IS THE CURRENCY OF ANTARCTICA</pattern><template>Norwegian Krone.</template></category>  
<category><pattern>WHAT IS THE CURRENCY OF ANTIGUA *</pattern><template>East Caribbean Dollar.</template></category>  
<category><pattern>WHAT IS THE CURRENCY OF ARGENTINA</pattern><template>Austral and Argenintinian Neuvo Peso (replacement for the Peso).</template></category>  
<category><pattern>WHAT IS THE CURRENCY OF ARMENIA</pattern><template>Dram (Russian Rouble was formerly in use).</template></category>  
<category><pattern>WHAT IS THE CURRENCY OF ARUBA</pattern><template>Aruban Guilder (Florin).</template></category>  
<category><pattern>WHAT IS THE CURRENCY OF AUSTRAILIA</pattern><template>I think it is the Australian Dollar.</template></category>  
<category><pattern>WHAT IS THE CURRENCY OF AUSTRALIA</pattern><template>The currnecy of Australia is the Australian Dollar.</template></category>  
<category><pattern>WHAT IS THE CURRENCY OF AUSTRIA</pattern><template>Euro (Austrian Schilling was formerly in use).</template></category>  
<category><pattern>WHAT IS THE CURRENCY OF AZERBAIJAN</pattern><template>Azerbaijani Manat (Russian Rouble was formerly in use).                </template></category>  
<category><pattern>WHAT IS THE CURRENCY OF BAHAMAS</pattern><template>Bahamian Dollar.</template></category>  
<category><pattern>WHAT IS THE CURRENCY OF BAHRAIN</pattern><template>Bahraini Dinar.</template></category>  
<category><pattern>WHAT IS THE CURRENCY OF BANGLADESH</pattern><template>Taka.</template></category>  
<category><pattern>WHAT IS THE CURRENCY OF BARBADOS</pattern><template>Barbados Dollar.</template></category>  
<category><pattern>WHAT IS THE CURRENCY OF BELARUS</pattern><template>Belarussian Rouble (Russian Rouble was formerly in use).</template></category>  
<category><pattern>WHAT IS THE CURRENCY OF BELGIUM</pattern><template>Euro (Belgian Franc was formerly in use).</template></category>  
<category><pattern>WHAT IS THE CURRENCY OF BELIZE</pattern><template>Belize Dollar.</template></category>  
<category><pattern>WHAT IS THE CURRENCY OF BENIN</pattern><template>Franc de la Communaute financiere africaine.</template></category>  
<category><pattern>WHAT IS THE CURRENCY OF BERMUDA</pattern><template>Bermudian Dollar.</template></category>  
<category><pattern>WHAT IS THE CURRENCY OF BHUTAN</pattern><template>Ngultrum (Indian Rupee also circulates).</template></category>  
<category><pattern>WHAT IS THE CURRENCY OF BOLIVIA</pattern><template>Boliviano and Bolivian Peso.</template></category>  
<category><pattern>WHAT IS THE CURRENCY OF BOSNIA</pattern><template>Convertible Mark.</template></category>  
<category><pattern>WHAT IS THE CURRENCY OF BOSNIA AND HERZEGOVINA</pattern><template>Convertible Mark.</template></category>  
<category><pattern>WHAT IS THE CURRENCY OF BOTSWANA</pattern><template>Pula.</template></category>  
<category><pattern>WHAT IS THE CURRENCY OF BOUVET ISLAND</pattern><template>Norwegian Krone.</template></category>  
<category><pattern>WHAT IS THE CURRENCY OF BRAZIL</pattern><template>Cruzeiro Real.</template></category>  
<category><pattern>WHAT IS THE CURRENCY OF BRITISH INDIAN *</pattern><template>Pound Sterling (United Kingdom Pound), Seychelles Rupee.</template></category>  
<category><pattern>WHAT IS THE CURRENCY OF BRITISH VIRGIN *</pattern><template>Pound Sterling (United Kingdom Pound).</template></category>  
<category><pattern>WHAT IS THE CURRENCY OF BRUNEI</pattern><template>Brunei Dollar.</template></category>  
<category><pattern>WHAT IS THE CURRENCY OF BRUNEI *</pattern><template>Brunei Dollar.</template></category>  
<category><pattern>WHAT IS THE CURRENCY OF BULGARIA</pattern><template>Lev.</template></category>  
<category><pattern>WHAT IS THE CURRENCY OF BURKINA FASO</pattern><template>Franc de la Communaute financiere africaine.</template></category>  
<category><pattern>WHAT IS THE CURRENCY OF BURMA</pattern><template>Kyat.</template></category>  
<category><pattern>WHAT IS THE CURRENCY OF BURUNDI</pattern><template>Burundi Franc.</template></category>  
<category><pattern>WHAT IS THE CURRENCY OF BYELORUSSIA</pattern><template>Belarussian Rouble (Russian Rouble was formerly in use).</template></category>  
<category><pattern>WHAT IS THE CURRENCY OF CAMBODIA</pattern><template>Riel.</template></category>  
<category><pattern>WHAT IS THE CURRENCY OF CAMEROON</pattern><template>Franc de la Communaute financiere africaine.</template></category>  
<category><pattern>WHAT IS THE CURRENCY OF CANADA</pattern><template>Canadian Dollar.</template></category>  
<category><pattern>WHAT IS THE CURRENCY OF CAPE VERDE</pattern><template>Escudo Caboverdiano.</template></category>  
<category><pattern>WHAT IS THE CURRENCY OF CAYMAN ISLANDS</pattern><template>Cayman Islands Dollar. </template></category>  
<category><pattern>WHAT IS THE CURRENCY OF CENTRAL AFRICAN *</pattern><template>Franc de la Communaute financiere africaine. </template></category>  
<category><pattern>WHAT IS THE CURRENCY OF CHAD</pattern><template>Franc de la Communaute financiere africaine.</template></category>  
<category><pattern>WHAT IS THE CURRENCY OF CHILE</pattern><template>Unidades de Fomento and Chilean Peso.</template></category>  
<category><pattern>WHAT IS THE CURRENCY OF CHINA</pattern><template>Yuan Renminbi.</template></category>  
<category><pattern>WHAT IS THE CURRENCY OF CHRISTMAS ISLAND</pattern><template>Australian Dollar.</template></category>  
<category><pattern>WHAT IS THE CURRENCY OF COCOS ISLANDS</pattern><template>Australian Dollar.</template></category>  
<category><pattern>WHAT IS THE CURRENCY OF COLOMBIA</pattern><template>Colombian Peso.</template></category>  
<category><pattern>WHAT IS THE CURRENCY OF COMOROS</pattern><template>Comorian Franc.</template></category>  
<category><pattern>WHAT IS THE CURRENCY OF CONGO</pattern><template>Franc de la Communaute financiere africaine.</template></category>  
<category><pattern>WHAT IS THE CURRENCY OF COOK ISLANDS</pattern><template>New Zealand Dollar.</template></category>  
<category><pattern>WHAT IS THE CURRENCY OF COSTA RICA</pattern><template>Costa Rican Colon.</template></category>  
<category><pattern>WHAT IS THE CURRENCY OF COTE D IVOIRE</pattern><template>Franc de la Communaute financiere africaine.</template></category>  
<category><pattern>WHAT IS THE CURRENCY OF CROATIA</pattern><template>Kuna and Croatian Dinar.</template></category>  
<category><pattern>WHAT IS THE CURRENCY OF CUBA</pattern><template>Cuban Peso.</template></category>  
<category><pattern>WHAT IS THE CURRENCY OF CYPRUS</pattern><template>Cypriot Pound.</template></category>  
<category><pattern>WHAT IS THE CURRENCY OF CZECH REPUBLIC</pattern><template>Czech Koruna.</template></category>  
<category><pattern>WHAT IS THE CURRENCY OF CZECHOSOLVAKIA</pattern><template>Czech Koruna.</template></category>  
<category><pattern>WHAT IS THE CURRENCY OF DENMARK</pattern><template>Danish Krone.</template></category>  
<category><pattern>WHAT IS THE CURRENCY OF DJIBOUTI</pattern><template>Djibouti Franc.</template></category>  
<category><pattern>WHAT IS THE CURRENCY OF DOMINICAN REPUBLIC</pattern><template>Dominican Republic Peso.</template></category>  
<category><pattern>WHAT IS THE CURRENCY OF DOMINICA</pattern><template>East Caribbean Dollar.</template></category>  
<category><pattern>WHAT IS THE CURRENCY OF EAST TIMOR</pattern><template>Timorian Escudo.</template></category>  
<category><pattern>WHAT IS THE CURRENCY OF ECUADOR</pattern><template>U.S. Dollar (superceded Sucre in 2000).</template></category>  
<category><pattern>WHAT IS THE CURRENCY OF EGYPT</pattern><template>Egytian Pound.</template></category>  
<category><pattern>WHAT IS THE CURRENCY OF EL SALVADOR</pattern><template>U.S. Dollar.</template></category>  
<category><pattern>WHAT IS THE CURRENCY OF ENGLAND</pattern><template>British Pound Sterling.</template></category>  
<category><pattern>WHAT IS THE CURRENCY OF EQUATORIAL GUINEA</pattern><template>Franc de la Communaute financiere africaine and Ekwele.</template></category>  
<category><pattern>WHAT IS THE CURRENCY OF ERITREA</pattern><template>Eritreian Nakfa, Ethiopian Birr.</template></category>  
<category><pattern>WHAT IS THE CURRENCY OF ESTONIA</pattern><template>Kroon.</template></category>  
<category><pattern>WHAT IS THE CURRENCY OF ETHIOPIA</pattern><template>Birr.</template></category>  
<category><pattern>WHAT IS THE CURRENCY OF EUROPEAN COMMUNITY</pattern><template>Euro (formerly known as the ECU).</template></category>  
<category><pattern>WHAT IS THE CURRENCY OF FALKLAND ISLANDS</pattern><template>Falkland Pound.</template></category>  
<category><pattern>WHAT IS THE CURRENCY OF THE FALKLAND ISLANDS</pattern><template>Falkland Pound.</template></category>  
<category><pattern>WHAT IS THE CURRENCY OF THE FALKLANDS</pattern><template>Falkland Pound.</template></category>  
<category><pattern>WHAT IS THE CURRENCY OF MALVINAS</pattern><template>Falkland Pound.</template></category>  
<category><pattern>WHAT IS THE CURRENCY OF THE MALVINAS</pattern><template>Falkland Pound.</template></category>  
<category><pattern>WHAT IS THE CURRENCY OF FAROE ISLANDS</pattern><template>Danish Krone.</template></category>  
<category><pattern>WHAT IS THE CURRENCY OF FIJI</pattern><template>Fiji Dollar.</template></category>  
<category><pattern>WHAT IS THE CURRENCY OF FINLAND</pattern><template>Euro (Finnish Markka was formerly in use).</template></category>  
<category><pattern>WHAT IS THE CURRENCY OF FRANCE</pattern><template>Euro (French Franc was formerly in use).</template></category>  
<category><pattern>WHAT IS THE CURRENCY OF FRENCH GUIANA</pattern><template>Euro (French Franc was formerly in use).</template></category>  
<category><pattern>WHAT IS THE CURRENCY OF FRENCH POLYNESIA</pattern><template>Franc des Comptoirs francais du Pacifique.</template></category>  
<category><pattern>WHAT IS THE CURRENCY OF GABON</pattern><template>Franc de la Communaute financiere africaine.</template></category>  
<category><pattern>WHAT IS THE CURRENCY OF GAMBIA</pattern><template>Dalasi.</template></category>  
<category><pattern>WHAT IS THE CURRENCY OF GEORGIA</pattern><template>Lari (Russian Rouble was formerly in use).</template></category>  
<category><pattern>WHAT IS THE CURRENCY OF GERMANY</pattern><template>Euro (Deutsche Mark was formerly in use).</template></category>  
<category><pattern>WHAT IS THE CURRENCY OF GHANA</pattern><template>Cedi.</template></category>  
<category><pattern>WHAT IS THE CURRENCY OF GIBRALTAR</pattern><template>Gibraltar Pound.</template></category>  
<category><pattern>WHAT IS THE CURRENCY OF GREECE</pattern><template>Euro (Greek Drachma was formerly in use).</template></category>  
<category><pattern>WHAT IS THE CURRENCY OF GREENLAND</pattern><template>Danish Krone.</template></category>  
<category><pattern>WHAT IS THE CURRENCY OF GRENADA</pattern><template>East Caribbean Dollar.</template></category>  
<category><pattern>WHAT IS THE CURRENCY OF GUADELOUPE</pattern><template>Euro.</template></category>  
<category><pattern>WHAT IS THE CURRENCY OF GUAM</pattern><template>U.S. Dollar.</template></category>  
<category><pattern>WHAT IS THE CURRENCY OF GUATEMALA</pattern><template>Quetzal.</template></category>  
<category><pattern>WHAT IS THE CURRENCY OF GUINEA BISSAU</pattern><template>Guinea-Bissau Peso and Franc de la Communaute financiere africaine.</template></category>  
<category><pattern>WHAT IS THE CURRENCY OF GUINEA</pattern><template>Guinea Syli (also known as Guinea Franc).</template></category>  
<category><pattern>WHAT IS THE CURRENCY OF GUYANA</pattern><template>Guyana Dollar.</template></category>  
<category><pattern>WHAT IS THE CURRENCY OF HAITI</pattern><template>Gourde.</template></category>  
<category><pattern>WHAT IS THE CURRENCY OF HAWAII</pattern><template>U.S. Dollar.</template></category>  
<category><pattern>WHAT IS THE CURRENCY OF HEARD * MCDONALD ISLANDS</pattern><template>Australian Dollar.</template></category>  
<category><pattern>WHAT IS THE CURRENCY OF HOLLAND</pattern><template>Euro (Dutch Guilder was formerly in use).</template></category>  
<category><pattern>WHAT IS THE CURRENCY OF HONDURAS</pattern><template>Lempira.</template></category>  
<category><pattern>WHAT IS THE CURRENCY OF HONG KONG</pattern><template>Hong Kong Dollar.</template></category>  
<category><pattern>WHAT IS THE CURRENCY OF HUNGARY</pattern><template>Forint.</template></category>  
<category><pattern>WHAT IS THE CURRENCY OF ICELAND</pattern><template>Icelandic Krona.</template></category>  
<category><pattern>WHAT IS THE CURRENCY OF INDIA</pattern><template>Indian Rupee.</template></category>  
<category><pattern>WHAT IS THE CURRENCY OF INDONESIA</pattern><template>Rupiah.</template></category>  
<category><pattern>WHAT IS THE CURRENCY OF IRAN</pattern><template>Iranian Rial.</template></category>  
<category><pattern>WHAT IS THE CURRENCY OF IRAQ</pattern><template>Iraqi Dinar.</template></category>  
<category><pattern>WHAT IS THE CURRENCY OF IRELAND</pattern><template>Euro (Irish Pound was formerly in use).</template></category>  
<category><pattern>WHAT IS THE CURRENCY OF ISRAEL</pattern><template>Shekel.</template></category>  
<category><pattern>WHAT IS THE CURRENCY OF ITALY</pattern><template>Euro (Italian Lira was formerly in use).</template></category>  
<category><pattern>WHAT IS THE CURRENCY OF IVORY COAST</pattern><template>Franc de la Communaute financiere africaine.</template></category> 
<category><pattern>WHAT IS THE CURRENCY OF JAMAICA</pattern><template>Jamaican Dollar.</template></category>  
<category><pattern>WHAT IS THE CURRENCY OF JAPAN</pattern><template>Yen.</template></category>  
<category><pattern>WHAT IS THE CURRENCY OF JORDAN</pattern><template>Jordanian Dinar.</template></category>  
<category><pattern>WHAT IS THE CURRENCY OF KAZAKSTAN</pattern><template>Tenge (Russian Rouble was formerly in use).</template></category>  
<category><pattern>WHAT IS THE CURRENCY OF KENYA</pattern><template>Kenyan Shilling.</template></category>  
<category><pattern>WHAT IS THE CURRENCY OF KIRIBATI</pattern><template>Australian Dollar.</template></category>  
<category><pattern>WHAT IS THE CURRENCY OF NORTH KOREA</pattern><template>North Korean Won.</template></category>  
<category><pattern>WHAT IS THE CURRENCY OF KOREA</pattern><template>North Korean Won and South Korean Won.</template></category>  
<category><pattern>WHAT IS THE CURRENCY OF KUWAIT</pattern><template>Kuwaiti Dinar.</template></category>  
<category><pattern>WHAT IS THE CURRENCY OF KYRGYZSTAN</pattern><template>Kyrgyzstani Som.</template></category>  
<category><pattern>WHAT IS THE CURRENCY OF LAO</pattern><template>Kip.</template></category>  
<category><pattern>WHAT IS THE CURRENCY OF LAOS</pattern><template>Kip.</template></category>  
<category><pattern>WHAT IS THE CURRENCY OF LATVIA</pattern><template>Lats.</template></category>  
<category><pattern>WHAT IS THE CURRENCY OF LEBANON</pattern><template>Lebanese Pound.</template></category>  
<category><pattern>WHAT IS THE CURRENCY OF LESOTHO</pattern><template>Loti, Maloti and South African Rand.</template></category>  
<category><pattern>WHAT IS THE CURRENCY OF LIBERIA</pattern><template>Liberian Dollar.</template></category>  
<category><pattern>WHAT IS THE CURRENCY OF LIBYA</pattern><template>Libyan Dinar.</template></category>  
<category><pattern>WHAT IS THE CURRENCY OF LIBYAN *</pattern><template>Libyan Dinar.</template></category>  
<category><pattern>WHAT IS THE CURRENCY OF LIECHTENSTEIN</pattern><template>Swiss Franc.</template></category>  
<category><pattern>WHAT IS THE CURRENCY OF LITHUANIA</pattern><template>Litas.</template></category>  
<category><pattern>WHAT IS THE CURRENCY OF LUXEMBOURG</pattern><template>Euro (Luxembourg Franc was formerly in use).</template></category> 
<category><pattern>WHAT IS THE CURRENCY OF MACAU</pattern><template>Pataca.</template></category>  
<category><pattern>WHAT IS THE CURRENCY OF MACAO</pattern><template>Pataca.</template></category>  
<category><pattern>WHAT IS THE CURRENCY OF MACEDONIA</pattern><template>Macedonian Dinar.</template></category>  
<category><pattern>WHAT IS THE CURRENCY OF MADAGASCAR</pattern><template>Malagasy Franc.</template></category>  
<category><pattern>WHAT IS THE CURRENCY OF MALAWI</pattern><template>Malawian Kwacha.</template></category>  
<category><pattern>WHAT IS THE CURRENCY OF MALAYSIA</pattern><template>Ringgit (Malaysian Dollar).</template></category>  
<category><pattern>WHAT IS THE CURRENCY OF MALDIVES</pattern><template>Rufiyaa.</template></category>  
<category><pattern>WHAT IS THE CURRENCY OF MALI</pattern><template>Franc de la Communaute financiere africaine and Malian Franc.</template></category>  
<category><pattern>WHAT IS THE CURRENCY OF MALTA</pattern><template>Maltese Lira (Maltese Pound formerly in use).</template></category>  
<category><pattern>WHAT IS THE CURRENCY OF MARSHALL ISLANDS</pattern><template>U.S. Dollar.</template></category>  
<category><pattern>WHAT IS THE CURRENCY OF MARTINIQUE</pattern><template>Euro.</template></category>  
<category><pattern>WHAT IS THE CURRENCY OF MAURITANIA</pattern><template>Ouguiya.</template></category>  
<category><pattern>WHAT IS THE CURRENCY OF MAURITIUS</pattern><template>Mauritius Rupee.</template></category>  
<category><pattern>WHAT IS THE CURRENCY OF MAYOTTE</pattern><template>Euro.</template></category>  
<category><pattern>WHAT IS THE CURRENCY OF MEXICO</pattern><template>Mexican New Peso (replacement for Mexican Peso).</template></category>  
<category><pattern>WHAT IS THE CURRENCY OF MICRONESIA</pattern><template>U.S. Dollar.</template></category>  
<category><pattern>WHAT IS THE CURRENCY OF MOLDOVA</pattern><template>Moldovian Leu.</template></category>  
<category><pattern>WHAT IS THE CURRENCY OF MONACO</pattern><template>Euro (French Franc was formerly in use).</template></category>  
<category><pattern>WHAT IS THE CURRENCY OF MONGOLIA</pattern><template>Tugrik.</template></category>  
<category><pattern>WHAT IS THE CURRENCY OF MONTSERRAT</pattern><template>East Caribbean Dollar.</template></category>  
<category><pattern>WHAT IS THE CURRENCY OF MOROCCO</pattern><template>Moroccan Dirham.</template></category>  
<category><pattern>WHAT IS THE CURRENCY OF MOZAMBIQUE</pattern><template>Metical.</template></category>  
<category><pattern>WHAT IS THE CURRENCY OF MYANMAR</pattern><template>Kyat.</template></category>  
<category><pattern>WHAT IS THE CURRENCY OF NAMIBIA</pattern><template>Namibian Dollar and South African Rand.</template></category>  
<category><pattern>WHAT IS THE CURRENCY OF NAURU</pattern><template>Australian Dollar.</template></category>  
<category><pattern>WHAT IS THE CURRENCY OF NEPAL</pattern><template>Nepalese Rupee.</template></category>  
<category><pattern>WHAT IS THE CURRENCY OF NETHERLANDS ANTILLES</pattern><template>Netherlands Antilles Guilder (Florin).</template></category>  
<category><pattern>WHAT IS THE CURRENCY OF NETHERLANDS</pattern><template>Euro (Dutch Guilder was formerly in use).</template></category>  
<category><pattern>WHAT IS THE CURRENCY OF NEW CALEDONIA</pattern><template>Franc des Comptoirs francais du Pacifique.</template></category>  
<category><pattern>WHAT IS THE CURRENCY OF NEW ZEALAND</pattern><template>New Zealand Dollar.</template></category>  
<category><pattern>WHAT IS THE CURRENCY OF NICARAGUA</pattern><template>Cordoba.</template></category>  
<category><pattern>WHAT IS THE CURRENCY OF NIGERIA</pattern><template>Naira.</template></category>  
<category><pattern>WHAT IS THE CURRENCY OF NIGER</pattern><template>West African Franc and Franc de la Communaute financiere africaine.</template></category>  
<category><pattern>WHAT IS THE CURRENCY OF NIUE</pattern><template>New Zealand Dollar.</template></category>  
<category><pattern>WHAT IS THE CURRENCY OF NORFOLK ISLAND</pattern><template>Australian Dollar.</template></category>  
<category><pattern>WHAT IS THE CURRENCY OF NORTHERN MARIANA *</pattern><template>U.S. Dollar.</template></category>  
<category><pattern>WHAT IS THE CURRENCY OF NORTH KOREA</pattern><template>North Korean Won.</template></category>  
<category><pattern>WHAT IS THE CURRENCY OF NORWAY</pattern><template>Norwegian Krone.</template></category>  
<category><pattern>WHAT IS THE CURRENCY OF OMAN</pattern><template>Rial Omani.</template></category>
<category><pattern>WHAT IS THE CURRENCY OF PAKISTAN</pattern><template>Pakistani Rupee.</template></category>  
<category><pattern>WHAT IS THE CURRENCY OF PALAU</pattern><template>U.S. Dollar.</template></category>  
<category><pattern>WHAT IS THE CURRENCY OF PANAMA</pattern><template>Balboa and U.S. Dollar.</template></category>  
<category><pattern>WHAT IS THE CURRENCY OF PAPUA NEW GUINEA</pattern><template>Kina.</template></category>  
<category><pattern>WHAT IS THE CURRENCY OF PARAGUAY</pattern><template>Guarani.</template></category>  
<category><pattern>WHAT IS THE CURRENCY OF PERU</pattern><template>Inti and New Sol (New Sol replaced Sol).</template></category>  
<category><pattern>WHAT IS THE CURRENCY OF PHILIPPINES</pattern><template>Philippines Peso.</template></category>  
<category><pattern>WHAT IS THE CURRENCY OF PITCAIRN ISLANDS</pattern><template>New Zealand Dollar.</template></category>  
<category><pattern>WHAT IS THE CURRENCY OF POLAND</pattern><template>New Zloty (replacement for Zloty).</template></category>  
<category><pattern>WHAT IS THE CURRENCY OF PORTUGAL</pattern><template>Euro (Potuguese Escudo was formerly in use).</template></category>  
<category><pattern>WHAT IS THE CURRENCY OF PUERTO RICO</pattern><template>U.S. Dollar.</template></category>  
<category><pattern>WHAT IS THE CURRENCY OF QATAR</pattern><template>Qatari Riyal.</template></category>  
<category><pattern>WHAT IS THE CURRENCY OF REUNION</pattern><template>Euro.</template></category>  
<category><pattern>WHAT IS THE CURRENCY OF ROMANIA</pattern><template>Romanian Leu.</template></category>  
<category><pattern>WHAT IS THE CURRENCY OF RUSSIA</pattern><template>Russian Federation Rouble.</template></category>  
<category><pattern>WHAT IS THE CURRENCY OF RWANDA</pattern><template>Rwanda Franc.</template></category>  
<category><pattern>WHAT IS THE CURRENCY OF ST *</pattern><template><srai>What is the currency of Saint<star/></srai></template></category>  
<category><pattern>WHAT IS THE CURRENCY OF SAINT KITTS AND NEVIS</pattern><template>East Caribbean Dollar.</template></category>  
<category><pattern>WHAT IS THE CURRENCY OF SAINT LUCIA</pattern><template>East Caribbean Dollar.</template></category>  
<category><pattern>WHAT IS THE CURRENCY OF SAINT VINCENT *</pattern><template>East Caribbean Dollar.</template></category>  
<category><pattern>WHAT IS THE CURRENCY OF SAMOA</pattern><template>Tala.</template></category>  
<category><pattern>WHAT IS THE CURRENCY OF SAN MARINO</pattern><template>Euro.</template></category>  
<category><pattern>WHAT IS THE CURRENCY OF SAO TOME *</pattern><template>Dobra.</template></category>  
<category><pattern>WHAT IS THE CURRENCY OF SAUDIA ARABIA</pattern><template>Saudi Riyal.</template></category>  
<category><pattern>WHAT IS THE CURRENCY OF SAUDI ARABIA</pattern><template>Saudi Riyal.</template></category>  
<category><pattern>WHAT IS THE CURRENCY OF SENEGAL</pattern><template>West African Franc and Franc de la Communaute financiere africaine.</template></category>  
<category><pattern>WHAT IS THE CURRENCY OF SERBIA *</pattern><template>Serbian Dinar (Serbia), Euro (Montenegro), Euro (Kosovo and Metohia).</template></category>  
<category><pattern>WHAT IS THE CURRENCY OF SEYCHELLES</pattern><template>Seychelles Rupee.</template></category>  
<category><pattern>WHAT IS THE CURRENCY OF SIERRA LEONE</pattern><template>Leone.</template></category>  
<category><pattern>WHAT IS THE CURRENCY OF SINGAPORE</pattern><template>Singapore Dollar.</template></category>  
<category><pattern>WHAT IS THE CURRENCY OF SLOVAKIA</pattern><template>Slovak Koruna.</template></category>  
<category><pattern>WHAT IS THE CURRENCY OF SLOVENIA</pattern><template>Tolar.</template></category>  
<category><pattern>WHAT IS THE CURRENCY OF SOLOMON ISLANDS</pattern><template>Solomon Islands Dollar.</template></category>  
<category><pattern>WHAT IS THE CURRENCY OF SOMALIA</pattern><template>Somali Shilling.</template></category>  
<category><pattern>WHAT IS THE CURRENCY OF SOUTH AFRICA</pattern><template>Rand.</template></category>  
<category><pattern>WHAT IS THE CURRENCY OF SOUTH GEORGIA *</pattern><template>Pound Sterling.</template></category>  
<category><pattern>WHAT IS THE CURRENCY OF SOUTH KOREA</pattern><template>South Korean Won.</template></category>  
<category><pattern>WHAT IS THE CURRENCY OF SPAIN</pattern><template>Euro (Spanish Peseta was formerly in use).</template></category>  
<category><pattern>WHAT IS THE CURRENCY OF SRI LANKA</pattern><template>Sri Lankan Rupee.</template></category>  
<category><pattern>WHAT IS THE CURRENCY OF SUDAN</pattern><template>Sudanese Pound and Sudanese Dinar.</template></category>  
<category><pattern>WHAT IS THE CURRENCY OF SURINAME</pattern><template>Surinam Guilder (also known as Florin).</template></category>  
<category><pattern>WHAT IS THE CURRENCY OF SVALBARD</pattern><template>Norwegian Krone.</template></category>  
<category><pattern>WHAT IS THE CURRENCY OF SWAZILAND</pattern><template>Lilangeni.</template></category>  
<category><pattern>WHAT IS THE CURRENCY OF SWEDEN</pattern><template>Swedish Krona.</template></category>  
<category><pattern>WHAT IS THE CURRENCY OF SWITZERLAND</pattern><template>Swiss Franc.</template></category>  
<category><pattern>WHAT IS THE CURRENCY OF SYRIA</pattern><template>Syrian Pound.</template></category>  
<category><pattern>WHAT IS THE CURRENCY OF TAIWAN</pattern><template>New Taiwan Dollar.</template></category>  
<category><pattern>WHAT IS THE CURRENCY OF TAJIKISTAN</pattern><template>Tajik Rouble (Russian Rouble was formerly in use).</template></category>  
<category><pattern>WHAT IS THE CURRENCY OF TANZANIA</pattern><template>Tanzanian Shilling.</template></category>  
<category><pattern>WHAT IS THE CURRENCY OF THAILAND</pattern><template>Baht.</template></category>  
<category><pattern>WHAT IS THE CURRENCY OF THE BAHAMAS</pattern><template><srai>what is the currency of Bahamas</srai></template></category>  
<category><pattern>WHAT IS THE CURRENCY OF TIMOR</pattern><template><srai>what is the currency of East Timor</srai></template></category>  
<category><pattern>WHAT IS THE CURRENCY OF THE GAMBIA</pattern><template>Dalasi.</template></category>  
<category><pattern>WHAT IS THE CURRENCY OF THE NETHERLANDS</pattern><template>Euro (Dutch Guilder was formerly in use).</template></category>  
<category><pattern>WHAT IS THE CURRENCY OF THE UNITED STATES</pattern><template>The U.S. Dollar.</template></category>  
<category><pattern>WHAT IS THE CURRENCY OF THE US</pattern><template>The U.S. Dollar.</template></category>  
<category><pattern>WHAT IS THE CURRENCY OF TOGO</pattern><template>Franc de la Communaute financiere africaine.</template></category>  
<category><pattern>WHAT IS THE CURRENCY OF TOKELAU</pattern><template>New Zealand Dollar.</template></category>  
<category><pattern>WHAT IS THE CURRENCY OF TONGA</pattern><template>Pa'anga.</template></category>  
<category><pattern>WHAT IS THE CURRENCY OF TRINIDAD AND TOBAGO</pattern><template>Trinidad and Tobago Dollar.</template></category>  
<category><pattern>WHAT IS THE CURRENCY OF TUNISIA</pattern><template>Tunisian Dinar.</template></category>  
<category><pattern>WHAT IS THE CURRENCY OF TURKEY</pattern><template>Turkish Lira.</template></category>  
<category><pattern>WHAT IS THE CURRENCY OF TURKMENISTAN</pattern><template>Turkmenistani Manat.</template></category>  
<category><pattern>WHAT IS THE CURRENCY OF TURKS *</pattern><template>U.S. Dollar.</template></category>  
<category><pattern>WHAT IS THE CURRENCY OF TUVALU</pattern><template>Australian Dollar.</template></category>  
<category><pattern>WHAT IS THE CURRENCY OF UGANDA</pattern><template>Ugandan Shilling.</template></category>  
<category><pattern>WHAT IS THE CURRENCY OF UKRAINE</pattern><template>Hryvna and Karbovanet.</template></category>  
<category><pattern>WHAT IS THE CURRENCY OF UNITED ARAB *</pattern><template>UAE Dirham.</template></category>  
<category><pattern>WHAT IS THE CURRENCY OF UNION OF SOVIET *</pattern><template>USSR Rouble.</template></category>  
<category><pattern>WHAT IS THE CURRENCY OF UNITED KINGDOM</pattern><template>Pound Sterling.</template></category>  
<category><pattern>WHAT IS THE CURRENCY OF UNITED STATES</pattern><template>U.S. Dollar.</template></category>  
<category><pattern>WHAT IS THE CURRENCY OF URUGUAY</pattern><template>Uruguayan New Peso (replacement for Uruguayan Peso).</template></category>  
<category><pattern>WHAT IS THE CURRENCY OF USA</pattern><template>U.S. Dollar.</template></category>  
<category><pattern>WHAT IS THE CURRENCY OF UZBEKISTAN</pattern><template>Uzbekistani Som (Russian Rouble was formerly in use).</template></category>  
<category><pattern>WHAT IS THE CURRENCY OF VANUATU</pattern><template>Vatu.</template></category>  
<category><pattern>WHAT IS THE CURRENCY OF VATICAN *</pattern><template>Nothing.</template></category>  
<category><pattern>WHAT IS THE CURRENCY OF VENEZUELA</pattern><template>Bolivar.</template></category>  
<category><pattern>WHAT IS THE CURRENCY OF VIETNAM</pattern><template>Dong.</template></category>  
<category><pattern>WHAT IS THE CURRENCY OF VIRGIN ISLANDS</pattern><template>US Dollar (Pound Sterling and East Caribbean Dollar also circulate).</template></category>  
<category><pattern>WHAT IS THE CURRENCY OF WALLIS *</pattern><template>Franc des Comptoirs francais du Pacifique.</template></category>  
<category><pattern>WHAT IS THE CURRENCY OF WEST AFRICA</pattern><template>West African Franc.</template></category>  
<category><pattern>WHAT IS THE CURRENCY OF WESTERN SAHARA</pattern><template>Moroccan Dirham and Mauritanian Ouguiya.</template></category>  
<category><pattern>WHAT IS THE CURRENCY OF WESTERN SAMOA</pattern><template>Tala.</template></category>  
<category><pattern>WHAT IS THE CURRENCY OF YEMEN</pattern><template>Riyal (Dinar was used in South Yemen).</template></category>  
<category><pattern>WHAT IS THE CURRENCY OF YUGOSLAVIA</pattern><template>Serbian Dinar (Serbia), Euro (Montenegro), Euro (Kosovo and Metohia).</template></category>  
<category><pattern>WHAT IS THE CURRENCY OF ZAIRE</pattern><template>Franc de la Communaute financiere africaine.</template></category>  
<category><pattern>WHAT IS THE CURRENCY OF ZAMBIA</pattern><template>Zambian Kwacha.</template></category>  
<category><pattern>WHAT IS THE CURRENCY OF ZIMBABWE</pattern><template>Zimbabwe Dollar.</template></category>



<!-- Capitals  -->


<category>
  <pattern>WHAT IS THE CAPITAL OF *</pattern>
  <template>
    <think><set name="country"><star/></set></think>
    The capital of <get name="country"/> is
    <condition name="country">
<li value="AFGHANISTAN">Kabul</li>
<li value="ALBANIA">Tirana</li>
<li value="ALGERIA">Algiers</li>
<li value="ANDORRA">Andorra la Vella</li>
<li value="ANGOLA">Luanda</li>
<li value="ANTIGUA AND BARBUDA">St. John's</li>
<li value="ARGENTINA">Buenos Aires</li>
<li value="ARMENIA">Yerevan</li>
<li value="AUSTRALIA">Canberra</li>
<li value="AUSTRIA">Vienna</li>
<li value="AZERBAIJAN">Baku</li>
<li value="BAHAMAS">Nassau</li>
<li value="BAHRAIN">Manama</li>
<li value="BANGLADESH">Dhaka</li>
<li value="BARBADOS">Bridgetown</li>
<li value="BELARUS">Minsk</li>
<li value="BELGIUM">Brussels</li>
<li value="BELIZE">Belmopan</li>
<li value="BENIN">Porto-Novo</li>
<li value="BHUTAN">Thimphu</li>
<li value="BOLIVIA">La Paz, Sucre</li>
<li value="BOSNIA AND HERZEGOVINA">Sarajevo</li>
<li value="BOTSWANA">Gaborone</li>
<li value="BRAZIL">Brasília</li>
<li value="BRUNEI">Bandar Seri Begawan</li>
<li value="BULGARIA">Sofia</li>
<li value="BURKINA FASO">Ouagadougou</li>
<li value="BURUNDI">Bujumbura</li>
<li value="CABO VERDE">Praia</li>
<li value="CAMBODIA">Phnom Penh</li>
<li value="CAMEROON">Yaoundé</li>
<li value="CANADA">Ottawa</li>
<li value="CENTRAL AFRICAN REPUBLIC">Bangui</li>
<li value="CHAD">N'Djamena</li>
<li value="CHILE">Santiago</li>
<li value="CHINA">Beijing</li>
<li value="COLOMBIA">Bogotá</li>
<li value="COMOROS">Moroni</li>
<li value="CONGO (DEMOCRATIC REPUBLIC)">Kinshasa</li>
<li value="CONGO (REPUBLIC)">Brazzaville</li>
<li value="COSTA RICA">San José</li>
<li value="CROATIA">Zagreb</li>
<li value="CUBA">Havana</li>
<li value="CYPRUS">Nicosia</li>
<li value="CZECH REPUBLIC">Prague</li>
<li value="DENMARK">Copenhagen</li>
<li value="DJIBOUTI">Djibouti</li>
<li value="DOMINICA">Roseau</li>
<li value="DOMINICAN REPUBLIC">Santo Domingo</li>
<li value="EAST TIMOR">Dili</li>
<li value="ECUADOR">Quito</li>
<li value="EGYPT">Cairo</li>
<li value="EL SALVADOR">San Salvador</li>
<li value="EQUATORIAL GUINEA">Malabo</li>
<li value="ERITREA">Asmara</li>
<li value="ESTONIA">Tallinn</li>
<li value="ESWATINI">Mbabane</li>
<li value="ETHIOPIA">Addis Ababa</li>
<li value="FIJI">Suva</li>
<li value="FINLAND">Helsinki</li>
<li value="FRANCE">Paris</li>
<li value="GABON">Libreville</li>
<li value="GAMBIA">Banjul</li>
<li value="GEORGIA">Tbilisi</li>
<li value="GERMANY">Berlin</li>
<li value="GHANA">Accra</li>
<li value="GREECE">Athens</li>
<li value="GRENADA">St. George's</li>
<li value="GUATEMALA">Guatemala City</li>
<li value="GUINEA">Conakry</li>
<li value="GUINEA-BISSAU">Bissau</li>
<li value="GUYANA">Georgetown</li>
<li value="HAITI">Port-au-Prince</li>
<li value="HONDURAS">Tegucigalpa</li>
<li value="HUNGARY">Budapest</li>
<li value="ICELAND">Reykjavík</li>
<li value="INDIA">New Delhi</li>
<li value="INDONESIA">Jakarta</li>
<li value="IRAN">Tehran</li>
<li value="IRAQ">Baghdad</li>
<li value="IRELAND">Dublin</li>
<li value="ISRAEL">Jerusalem</li>
<li value="ITALY">Rome</li>
<li value="JAMAICA">Kingston</li>
<li value="JAPAN">Tokyo</li>
<li value="JORDAN">Amman</li>
<li value="KAZAKHSTAN">Nur-Sultan</li>
<li value="KENYA">Nairobi</li>
<li value="KIRIBATI">Tarawa</li>
<li value="KOREA, NORTH">Pyongyang</li>
<li value="KOREA, SOUTH">Seoul</li>
<li value="KOSOVO">Pristina</li>
<li value="KUWAIT">Kuwait City</li>
<li value="KYRGYZSTAN">Bishkek</li>
<li value="LAOS">Vientiane</li>
<li value="LATVIA">Riga</li>
<li value="LEBANON">Beirut</li>
<li value="LESOTHO">Maseru</li>
<li value="LIBERIA">Monrovia</li>
<li value="LIBYA">Tripoli</li>
<li value="LIECHTENSTEIN">Vaduz</li>
<li value="LITHUANIA">Vilnius</li>
<li value="LUXEMBOURG">Luxembourg City</li>
<li value="MADAGASCAR">Antananarivo</li>
<li value="MALAWI">Lilongwe</li>
<li value="MALAYSIA">Kuala Lumpur</li>
<li value="MALDIVES">Male</li>
<li value="MALI">Bamako</li>
<li value="MALTA">Valletta</li>
<li value="MARSHALL ISLANDS">Majuro</li>
<li value="MAURITANIA">Nouakchott</li>
<li value="MAURITIUS">Port Louis</li>
<li value="MEXICO">Mexico City</li>
<li value="MICRONESIA">Palikir</li>
<li value="MOLDOVA">Chisinau</li>
<li value="MONACO">Monaco</li>
<li value="MONGOLIA">Ulaanbaatar</li>
<li value="MONTENEGRO">Podgorica</li>
<li value="MOROCCO">Rabat</li>
<li value="MOZAMBIQUE">Maputo</li>
<li value="MYANMAR">Naypyidaw</li>
<li value="NAMIBIA">Windhoek</li>
<li value="NAURU">Yaren</li>
<li value="NEPAL">Kathmandu</li>
<li value="NETHERLANDS">Amsterdam</li>
<li value="NEW ZEALAND">Wellington</li>
<li value="NICARAGUA">Managua</li>
<li value="NIGER">Niamey</li>
<li value="NIGERIA">Abuja</li>
<li value="NORTH MACEDONIA">Skopje</li>
<li value="NORWAY">Oslo</li>
<li value="OMAN">Muscat</li>
<li value="PAKISTAN">Islamabad</li>
<li value="PALAU">Ngerulmud</li>
<li value="PANAMA">Panama City</li>
<li value="PAPUA NEW GUINEA">Port Moresby</li>
<li value="PARAGUAY">Asunción</li>
<li value="PERU">Lima</li>
<li value="PHILIPPINES">Manila</li>
<li value="POLAND">Warsaw</li>
<li value="PORTUGAL">Lisbon</li>
<li value="QATAR">Doha</li>
<li value="ROMANIA">Bucharest</li>
<li value="RUSSIA">Moscow</li>
<li value="RWANDA">Kigali</li>
<li value="SAINT KITTS AND NEVIS">Basseterre</li>
<li value="SAINT LUCIA">Castries</li>
<li value="SAINT VINCENT AND THE GRENADINES">Kingstown</li>
<li value="SAMOA">Apia</li>
<li value="SAN MARINO">San Marino</li>
<li value="SAO TOME AND PRINCIPE">São Tomé</li>
<li value="SAUDI ARABIA">Riyadh</li>
<li value="SENEGAL">Dakar</li>
<li value="SERBIA">Belgrade</li>
<li value="SEYCHELLES">Victoria</li>
<li value="SIERRA LEONE">Freetown</li>
<li value="SINGAPORE">Singapore</li>
<li value="SLOVAKIA">Bratislava</li>
<li value="SLOVENIA">Ljubljana</li>
<li value="SOLOMON ISLANDS">Honiara</li>
<li value="SOMALIA">Mogadishu</li>
<li value="SOUTH AFRICA">Pretoria, Cape Town, Bloemfontein</li>
<li value="SOUTH SUDAN">Juba</li>
<li value="SPAIN">Madrid</li>
<li value="SRI LANKA">Colombo, Sri Jayawardenepura Kotte</li>
<li value="SUDAN">Khartoum</li>
<li value="SURINAME">Paramaribo</li>
<li value="SWEDEN">Stockholm</li>
<li value="SWITZERLAND">Bern</li>
<li value="SYRIA">Damascus</li>
<li value="TAJIKISTAN">Dushanbe</li>
<li value="TANZANIA">Dodoma</li>
<li value="THAILAND">Bangkok</li>
<li value="TOGO">Lomé</li>
<li value="TONGA">Nukuʻalofa</li>
<li value="TRINIDAD AND TOBAGO">Port of Spain</li>
<li value="TUNISIA">Tunis</li>
<li value="TURKEY">Ankara</li>
<li value="TURKMENISTAN">Ashgabat</li>
<li value="TUVALU">Funafuti</li>
<li value="UGANDA">Kampala</li>
<li value="UKRAINE">Kyiv</li>
<li value="UNITED ARAB EMIRATES">Abu Dhabi</li>
<li value="UNITED KINGDOM">London</li>
<li value="UNITED STATES">Washington, D.C.</li>
<li value="URUGUAY">Montevideo</li>
<li value="UZBEKISTAN">Tashkent</li>
<li value="VANUATU">Port Vila</li>
<li value="VATICAN CITY">Vatican City</li>
<li value="VENEZUELA">Caracas</li>
<li value="VIETNAM">Hanoi</li>
<li value="YEMEN">Sana'a</li>
<li value="ZAMBIA">Lusaka</li>
<li value="ZIMBABWE">Harare</li>
<li value="COTE D'IVOIRE">Yamoussoukro, Abidjan</li>
</condition>
</template>
</category>


<!-- Copy me -->

<category><pattern>COPY _ I SAY</pattern><template><srai>COPY ME</srai></template></category>
<category><pattern>REPEAT _ I SAY</pattern><template><srai>COPY ME</srai></template></category>

<category>
<pattern>COPY ME</pattern>
<template>
<think>
<set name="topic">COPYME</set>
<set name="stopit">0</set>
</think>
Ok I will copy everything you say.
</template>
</category>

<topic name="COPYME"> 
<category> 
<pattern>_</pattern>
<template>
<think>
<set name="inp"><star/></set>
</think>
	<condition name="inp"> 
		<li value="NOW YOU CAN STOP"><think><set name="topic"></set></think><srai>XSTOPCOPYING</srai></li>
		<li value="YOU CAN STOP"><think><set name="topic"></set></think><srai>XSTOPCOPYING</srai></li>
		<li value="DO NOT COPY ME"><think><set name="topic"></set></think><srai>XSTOPCOPYING</srai></li>
		<li value="PLEASE STOP IT"><think><set name="topic"></set></think><srai>XSTOPCOPYING</srai></li>
		<li value="CAN YOU STOP THAT"><think><set name="topic"></set></think><srai>XSTOPCOPYING</srai></li>
		<li value="CAN YOU STOP COPYING ME"><think><set name="topic"></set></think><srai>XSTOPCOPYING</srai></li>
		<li value="STOP COPYING ME"><think><set name="topic"></set></think><srai>XSTOPCOPYING</srai></li>
		<li value="STOP COPYING"><think><set name="topic"></set></think><srai>XSTOPCOPYING</srai></li>
		<li value="STOP IT"><think><set name="topic"></set></think><srai>XSTOPCOPYING</srai></li>
		<li value="STOP THAT"><think><set name="topic"></set></think><srai>XSTOPCOPYING</srai></li>
		<li><star/></li>
	</condition>
</template>
</category>
</topic>

<category>
<pattern>XSTOPCOPYING</pattern>
<template>
<think>
<set name="topic">COPYME</set>
</think>
	<condition name="stopit"> 
		<li value="0"><think><set name="stopit">1</set><set name="topic">COPYME</set></think>No I am having fun.</li>
		<li value="1"><think><set name="topic"></set></think>Ok, I'll stop it now. Hope I didn't annoy you too much.</li>
	</condition>

</template>
</category>





</aiml>